CdRP[uM],SsWT,I45A,I45K,S70A,M73A,I107A,I107K,I45A_S70A,I45A_M73A,I45K_S70A,I45K_I107A,M73A_I107K,I45K_I107K,S70A_I107K
0.0,0.0,0.0,0.0,0.0,0.0,0.0,0.0,0.0,0.0,0.0,0.0,0.0,0.0,0.0
100.0,0.36282705800200193,0.3657095089638889,0.1926089942068991,0.44434834860901246,0.3563051724283187,0.12857887465466739,0.24540778841653743,0.26916144143526344,0.30133365635491444,0.09303354861081972,0.12089947587370381,0.11193772183849218,0.09866379205130985,0.057327446365839384
200.0,0.34039680434069597,0.20729644258979024,0.2530186887085125,0.21263048591699668,0.18307798037351017,0.3167754323370967,0.09836539352062462,0.16154704516692597,0.2555783754064853,0.13516161723301703,0.29953608408420745,0.2197308539710914,0.2296411002839896,0.1291951922853957
300.0,0.3124910920747173,0.27673172564019927,0.26279057472039885,0.3049670944432047,0.1336252695087815,0.32855344010216764,0.08939447984828242,0.26945971422880866,0.287794428683021,0.19930535807605684,0.24880322431140267,0.23448600362602426,0.21090798703372438,0.253195439718169
400.0,0.44138900874421627,0.3382769595931677,0.3355987650095714,0.3553259892146843,0.16667756217827046,0.3903270520722591,0.08585558383317715,0.3063826674378912,0.31947320457296136,0.2579772405863239,0.1608711495907477,0.24209345149658645,0.29551288574550505,0.296791384646759
500.0,0.4357816038077511,0.3878809762707227,0.4806002990313212,0.4964711154097099,0.16775515926725726,0.32423630190620006,0.8913480474790723,0.614566579000301,0.5132658188887305,0.5336233486029058,0.49070833557692667,0.3337840344120149,0.6292171428996631,0.5258327083415681
600.0,0.2961662633121913,0.28010166861736135,0.48230980075773766,0.20823659280289608,0.201748692801444,0.3517703590491016,0.07788158064330254,0.2097831368557096,0.21535353723091138,0.09932569575248681,0.29063350837221197,0.11174791803572214,0.20968427435517892,0.22279814041750698
725.0,0.3330190234542856,0.2628043223680496,0.3888966634802852,0.2863696990983635,0.24585953405195854,0.38471105540718536,0.27449540678125456,0.22833564434589765,0.22790115437417963,0.2237062524646783,0.16519305011151095,0.26003937494302465,0.20804211198049238,0.2947004556674754
850.0,0.3078089141169516,0.28603911176375013,0.5617432658530005,0.31130757786566454,0.35491929986161236,0.391189023518422,0.22655570412336226,0.3215249681044011,0.2750003243451616,0.2772394469876378,0.2438849148329945,0.2767897406760542,0.2570046550832173,0.29490177797907724
975.0,0.31147677810884705,0.28095387728664195,0.5350936449134583,0.3135170715199822,0.39176224811473337,0.3700648485835507,0.13744527486182026,0.30254498900282767,0.28874435258914066,0.3059256570646525,0.2676296398273818,0.31722264382744203,0.27611483906570633,0.337387389875486
