I45A_S70A-0uMCdRP,I45A_S70A-100uMCdRP,I45A_S70A-200uMCdRP,I45A_S70A-300uMCdRP,I45A_S70A-400uMCdRP,I45A_S70A-500uMCdRP,I45A_S70A-600uMCdRP,I45A_S70A-725uMCdRP,I45A_S70A-850uMCdRP,I45A_S70A-975uMCdRP,I45A_M73A-0uMCdRP,I45A_M73A-100uMCdRP,I45A_M73A-200uMCdRP,I45A_M73A-300uMCdRP,I45A_M73A-400uMCdRP,I45A_M73A-500uMCdRP,I45A_M73A-600uMCdRP,I45A_M73A-725uMCdRP,I45A_M73A-850uMCdRP,I45A_M73A-975uMCdRP,I45K_S70A-0uMCdRP,I45K_S70A-100uMCdRP,I45K_S70A-200uMCdRP,I45K_S70A-300uMCdRP,I45K_S70A-400uMCdRP,I45K_S70A-500uMCdRP,I45K_S70A-600uMCdRP,I45K_S70A-725uMCdRP,I45K_S70A-850uMCdRP,I45K_S70A-975uMCdRP,I45K_I107A-0uMCdRP,I45K_I107A-100uMCdRP,I45K_I107A-200uMCdRP,I45K_I107A-300uMCdRP,I45K_I107A-400uMCdRP,I45K_I107A-500uMCdRP,I45K_I107A-600uMCdRP,I45K_I107A-725uMCdRP,I45K_I107A-850uMCdRP,I45K_I107A-975uMCdRP,M73A_I107K-0uMCdRP,M73A_I107K-100uMCdRP,M73A_I107K-200uMCdRP,M73A_I107K-300uMCdRP,M73A_I107K-400uMCdRP,M73A_I107K-500uMCdRP,M73A_I107K-600uMCdRP,M73A_I107K-725uMCdRP,M73A_I107K-850uMCdRP,M73A_I107K-975uMCdRP,I45K_I107K-0uMCdRP,I45K_I107K-100uMCdRP,I45K_I107K-200uMCdRP,I45K_I107K-300uMCdRP,I45K_I107K-400uMCdRP,I45K_I107K-500uMCdRP,I45K_I107K-600uMCdRP,I45K_I107K-725uMCdRP,I45K_I107K-850uMCdRP,I45K_I107K-975uMCdRP,S70A_I107K-0uMCdRP,S70A_I107K-100uMCdRP,S70A_I107K-200uMCdRP,S70A_I107K-300uMCdRP,S70A_I107K-400uMCdRP,S70A_I107K-500uMCdRP,S70A_I107K-600uMCdRP,S70A_I107K-725uMCdRP,S70A_I107K-850uMCdRP,S70A_I107K-975uMCdRP,CdRP-0uMCdRP,CdRP-100uMCdRP,CdRP-200uMCdRP,CdRP-300uMCdRP,CdRP-400uMCdRP,CdRP-500uMCdRP,CdRP-600uMCdRP,CdRP-725uMCdRP,CdRP-850uMCdRP,CdRP-975uMCdRP
0.0,-164.0,-194.0,-274.0,-374.0,-350.0,-282.0,-156.0,-114.0,-181.0,0.0,-260.0,-157.0,-91.0,-179.0,-278.0,-376.0,-264.0,-201.0,-241.0,0.0,0.0,117.0,164.0,38.0,48.0,32.0,69.0,211.0,51.0,0.0,42.0,142.0,128.0,132.0,169.0,120.0,162.0,198.0,142.0,0.0,28.0,90.0,-30.0,-19.0,-58.0,-44.0,-51.0,93.0,-82.0,0.0,74.0,193.0,71.0,32.0,24.0,67.0,78.0,100.0,14.0,0.0,129.0,262.0,234.0,238.0,185.0,222.0,255.0,319.0,266.0,0.0,0.0,0.0,0.0,0.0,0.0,0.0,0.0,0.0,0.0
0.0,-258.0,-2.0,-127.0,-147.0,-69.0,-97.0,60.0,5.0,-62.0,0.0,-259.0,7.0,-59.0,-117.0,-304.0,-289.0,-134.0,-225.0,-218.0,0.0,49.0,261.0,171.0,198.0,175.0,111.0,236.0,265.0,152.0,0.0,52.0,185.0,230.0,111.0,158.0,191.0,270.0,201.0,228.0,0.0,-99.0,30.0,-99.0,-48.0,-143.0,-53.0,-61.0,5.0,-162.0,0.0,104.0,240.0,207.0,124.0,219.0,264.0,238.0,315.0,201.0,0.0,47.0,251.0,188.0,126.0,120.0,205.0,293.0,291.0,314.0,0.0,0.0,0.0,0.0,0.0,0.0,0.0,0.0,0.0,0.0
0.0,82.0,176.0,116.0,85.0,98.0,153.0,217.0,266.0,179.0,0.0,-243.0,27.0,-80.0,-159.0,-258.0,-206.0,-45.0,-132.0,-181.0,0.0,164.0,360.0,313.0,292.0,328.0,373.0,360.0,497.0,340.0,0.0,85.0,332.0,236.0,198.0,291.0,382.0,300.0,421.0,343.0,0.0,-108.0,103.0,-92.0,-24.0,-105.0,-28.0,-147.0,-38.0,-96.0,0.0,86.0,313.0,253.0,195.0,348.0,435.0,362.0,419.0,350.0,0.0,166.0,376.0,335.0,335.0,268.0,488.0,417.0,479.0,525.0,0.0,0.0,0.0,0.0,0.0,0.0,0.0,0.0,0.0,0.0
0.0,-130.0,50.0,21.0,-21.0,53.0,114.0,159.0,192.0,106.0,0.0,-189.0,-102.0,-44.0,-130.0,-202.0,-135.0,-82.0,-96.0,-155.0,0.0,70.0,322.0,270.0,325.0,249.0,323.0,378.0,498.0,354.0,0.0,47.0,191.0,337.0,240.0,291.0,426.0,418.0,457.0,505.0,0.0,-214.0,-113.0,-110.0,-99.0,-114.0,-75.0,-148.0,-57.0,-166.0,0.0,103.0,301.0,319.0,346.0,391.0,598.0,433.0,521.0,458.0,0.0,80.0,329.0,356.0,397.0,385.0,499.0,551.0,619.0,520.0,0.0,0.0,0.0,0.0,0.0,0.0,0.0,0.0,0.0,0.0
0.0,-88.0,44.0,106.0,77.0,132.0,85.0,251.0,349.0,253.0,0.0,-157.0,38.0,0.0,-68.0,-191.0,-104.0,-8.0,-101.0,-115.0,0.0,141.0,260.0,352.0,424.0,307.0,385.0,480.0,479.0,444.0,0.0,107.0,200.0,415.0,391.0,394.0,493.0,605.0,520.0,552.0,0.0,-42.0,-17.0,-37.0,-10.0,-86.0,-54.0,-90.0,-27.0,-108.0,0.0,257.0,358.0,479.0,450.0,509.0,664.0,597.0,614.0,683.0,0.0,240.0,402.0,486.0,470.0,531.0,693.0,674.0,672.0,705.0,0.0,0.0,0.0,0.0,0.0,0.0,0.0,0.0,0.0,0.0
0.0,-88.0,181.0,219.0,272.0,231.0,320.0,429.0,470.0,406.0,0.0,-200.0,-54.0,0.0,-22.0,-128.0,-72.0,52.0,71.0,-8.0,0.0,86.0,314.0,404.0,463.0,435.0,492.0,613.0,625.0,669.0,0.0,181.0,388.0,542.0,465.0,533.0,645.0,768.0,768.0,821.0,0.0,-61.0,-29.0,-42.0,-35.0,25.0,-13.0,15.0,63.0,10.0,0.0,238.0,477.0,524.0,533.0,689.0,678.0,774.0,802.0,829.0,0.0,315.0,507.0,625.0,641.0,635.0,770.0,838.0,904.0,950.0,0.0,0.0,0.0,0.0,0.0,0.0,0.0,0.0,0.0,0.0
0.0,-35.0,41.0,274.0,263.0,301.0,407.0,448.0,533.0,449.0,0.0,-272.0,-168.0,-51.0,-44.0,-191.0,-136.0,-108.0,-49.0,-73.0,0.0,120.0,322.0,397.0,508.0,424.0,519.0,593.0,749.0,654.0,0.0,266.0,319.0,552.0,583.0,567.0,750.0,788.0,808.0,789.0,0.0,-1.0,-11.0,-26.0,11.0,35.0,-21.0,-3.0,26.0,-6.0,0.0,293.0,419.0,579.0,716.0,703.0,876.0,863.0,938.0,891.0,0.0,334.0,495.0,638.0,675.0,672.0,923.0,904.0,1076.0,1017.0,0.0,0.0,0.0,0.0,0.0,0.0,0.0,0.0,0.0,0.0
0.0,163.0,260.0,379.0,365.0,452.0,518.0,688.0,594.0,658.0,0.0,-68.0,83.0,124.0,27.0,49.0,23.0,208.0,163.0,163.0,0.0,293.0,486.0,550.0,586.0,711.0,726.0,836.0,915.0,890.0,0.0,469.0,545.0,797.0,715.0,810.0,924.0,1032.0,1058.0,1067.0,0.0,103.0,122.0,4.0,-38.0,80.0,80.0,91.0,97.0,127.0,0.0,437.0,589.0,805.0,781.0,1049.0,1059.0,1047.0,1158.0,1107.0,0.0,392.0,506.0,727.0,687.0,824.0,999.0,1051.0,1118.0,1161.0,0.0,0.0,0.0,0.0,0.0,0.0,0.0,0.0,0.0,0.0
0.0,124.0,305.0,450.0,370.0,522.0,558.0,719.0,816.0,702.0,0.0,-199.0,7.0,-19.0,-97.0,-18.0,-25.0,103.0,109.0,37.0,0.0,429.0,558.0,617.0,727.0,769.0,831.0,955.0,1135.0,944.0,0.0,416.0,549.0,705.0,785.0,818.0,969.0,1019.0,1170.0,1110.0,0.0,17.0,61.0,-48.0,61.0,62.0,54.0,147.0,220.0,51.0,0.0,446.0,608.0,793.0,877.0,932.0,1121.0,1125.0,1272.0,1201.0,0.0,454.0,585.0,753.0,853.0,968.0,1107.0,1160.0,1228.0,1228.0,0.0,0.0,0.0,0.0,0.0,0.0,0.0,0.0,0.0,0.0
0.0,-45.0,221.0,347.0,308.0,457.0,519.0,708.0,768.0,726.0,0.0,-151.0,-26.0,16.0,-47.0,-124.0,-17.0,89.0,97.0,18.0,0.0,215.0,525.0,590.0,749.0,685.0,881.0,888.0,996.0,951.0,0.0,377.0,587.0,818.0,828.0,807.0,1090.0,1162.0,1265.0,1168.0,0.0,-14.0,-2.0,-13.0,-28.0,21.0,25.0,34.0,77.0,52.0,0.0,437.0,703.0,920.0,936.0,1016.0,1188.0,1193.0,1285.0,1255.0,0.0,384.0,607.0,811.0,844.0,931.0,1279.0,1168.0,1292.0,1368.0,0.0,0.0,0.0,0.0,0.0,0.0,0.0,0.0,0.0,0.0
0.0,171.0,385.0,587.0,613.0,638.0,766.0,834.0,903.0,869.0,0.0,-80.0,80.0,87.0,142.0,-55.0,111.0,180.0,177.0,149.0,0.0,387.0,641.0,648.0,793.0,836.0,986.0,991.0,1110.0,1130.0,0.0,520.0,711.0,987.0,1049.0,1049.0,1204.0,1339.0,1381.0,1397.0,0.0,165.0,88.0,95.0,250.0,96.0,224.0,154.0,267.0,188.0,0.0,529.0,802.0,1053.0,1157.0,1155.0,1507.0,1448.0,1561.0,1445.0,0.0,554.0,827.0,991.0,1134.0,1056.0,1346.0,1368.0,1500.0,1564.0,0.0,0.0,0.0,0.0,0.0,0.0,0.0,0.0,0.0,0.0
0.0,141.0,391.0,585.0,559.0,687.0,730.0,935.0,960.0,1045.0,0.0,-75.0,-33.0,177.0,57.0,20.0,-4.0,184.0,136.0,124.0,0.0,300.0,552.0,705.0,785.0,888.0,935.0,1084.0,1159.0,1131.0,0.0,380.0,628.0,914.0,919.0,935.0,1153.0,1246.0,1365.0,1385.0,0.0,-21.0,30.0,-38.0,45.0,36.0,34.0,47.0,140.0,96.0,0.0,427.0,726.0,1081.0,1004.0,1126.0,1343.0,1430.0,1558.0,1475.0,0.0,545.0,863.0,1010.0,1087.0,1208.0,1430.0,1443.0,1601.0,1595.0,0.0,0.0,0.0,0.0,0.0,0.0,0.0,0.0,0.0,0.0
0.0,252.0,561.0,615.0,742.0,806.0,955.0,1142.0,1228.0,1164.0,0.0,-48.0,99.0,180.0,92.0,15.0,62.0,195.0,219.0,258.0,0.0,443.0,682.0,839.0,913.0,1034.0,1106.0,1204.0,1416.0,1350.0,0.0,657.0,948.0,1151.0,1188.0,1256.0,1446.0,1561.0,1730.0,1759.0,0.0,110.0,172.0,156.0,159.0,115.0,143.0,208.0,325.0,295.0,0.0,588.0,938.0,1218.0,1264.0,1394.0,1626.0,1606.0,1765.0,1840.0,0.0,599.0,805.0,1089.0,1088.0,1228.0,1606.0,1454.0,1698.0,1646.0,0.0,0.0,0.0,0.0,0.0,0.0,0.0,0.0,0.0,0.0
0.0,195.0,421.0,597.0,691.0,657.0,897.0,996.0,1111.0,1128.0,0.0,-238.0,6.0,38.0,9.0,25.0,28.0,142.0,184.0,164.0,0.0,338.0,696.0,796.0,977.0,911.0,1158.0,1279.0,1306.0,1271.0,0.0,426.0,695.0,1092.0,1190.0,1121.0,1374.0,1568.0,1491.0,1564.0,0.0,-14.0,-14.0,-26.0,38.0,30.0,126.0,149.0,162.0,112.0,0.0,576.0,837.0,1130.0,1322.0,1395.0,1681.0,1742.0,1835.0,1732.0,0.0,446.0,863.0,1056.0,1132.0,1255.0,1529.0,1659.0,1715.0,1720.0,0.0,0.0,0.0,0.0,0.0,0.0,0.0,0.0,0.0,0.0
0.0,270.0,572.0,822.0,989.0,929.0,1173.0,1331.0,1435.0,1368.0,0.0,28.0,196.0,295.0,277.0,193.0,334.0,383.0,431.0,435.0,0.0,447.0,735.0,1032.0,1168.0,1097.0,1327.0,1457.0,1624.0,1625.0,0.0,610.0,1028.0,1302.0,1531.0,1335.0,1732.0,1859.0,1940.0,1972.0,0.0,19.0,47.0,31.0,130.0,161.0,220.0,181.0,303.0,278.0,0.0,686.0,1134.0,1443.0,1687.0,1698.0,1934.0,1906.0,2097.0,2052.0,0.0,632.0,1121.0,1345.0,1462.0,1504.0,1720.0,1778.0,1975.0,2075.0,0.0,0.0,0.0,0.0,0.0,0.0,0.0,0.0,0.0,0.0
0.0,387.0,732.0,878.0,982.0,966.0,1179.0,1408.0,1408.0,1399.0,0.0,90.0,277.0,376.0,346.0,329.0,352.0,382.0,414.0,431.0,0.0,486.0,1023.0,1081.0,1336.0,1325.0,1476.0,1596.0,1728.0,1711.0,0.0,663.0,1001.0,1281.0,1437.0,1483.0,1628.0,1879.0,1852.0,2004.0,0.0,181.0,277.0,302.0,374.0,313.0,389.0,347.0,430.0,412.0,0.0,799.0,1209.0,1424.0,1625.0,1677.0,2023.0,2020.0,2179.0,2188.0,0.0,702.0,1064.0,1476.0,1580.0,1667.0,1935.0,2006.0,1983.0,2163.0,0.0,0.0,0.0,0.0,0.0,0.0,0.0,0.0,0.0,0.0
0.0,238.0,689.0,830.0,1105.0,1015.0,1321.0,1496.0,1453.0,1488.0,0.0,-44.0,189.0,316.0,285.0,159.0,296.0,439.0,440.0,424.0,0.0,470.0,900.0,1150.0,1420.0,1298.0,1472.0,1715.0,1725.0,1868.0,0.0,646.0,1066.0,1320.0,1633.0,1564.0,1763.0,2038.0,2060.0,2144.0,0.0,37.0,200.0,164.0,245.0,316.0,325.0,363.0,360.0,403.0,0.0,730.0,1134.0,1472.0,1706.0,1758.0,2062.0,2160.0,2297.0,2298.0,0.0,537.0,1048.0,1324.0,1502.0,1609.0,1892.0,1932.0,2078.0,2066.0,0.0,0.0,0.0,0.0,0.0,0.0,0.0,0.0,0.0,0.0
0.0,308.0,657.0,899.0,962.0,1052.0,1249.0,1486.0,1569.0,1538.0,0.0,-2.0,201.0,243.0,239.0,219.0,270.0,449.0,423.0,398.0,0.0,517.0,901.0,1176.0,1205.0,1239.0,1465.0,1662.0,1769.0,1816.0,0.0,692.0,1122.0,1533.0,1637.0,1752.0,1977.0,2105.0,2294.0,2240.0,0.0,175.0,120.0,190.0,139.0,205.0,287.0,256.0,323.0,283.0,0.0,795.0,1271.0,1573.0,1705.0,1854.0,2123.0,2163.0,2369.0,2397.0,0.0,705.0,1088.0,1472.0,1608.0,1678.0,2035.0,2119.0,2183.0,2250.0,0.0,0.0,0.0,0.0,0.0,0.0,0.0,0.0,0.0,0.0
0.0,373.0,609.0,956.0,1031.0,1171.0,1410.0,1519.0,1684.0,1656.0,0.0,58.0,225.0,328.0,246.0,262.0,287.0,388.0,491.0,448.0,0.0,590.0,846.0,1239.0,1413.0,1336.0,1634.0,1769.0,1849.0,1843.0,0.0,718.0,1136.0,1598.0,1699.0,1761.0,2026.0,2116.0,2337.0,2359.0,0.0,94.0,119.0,118.0,148.0,177.0,229.0,140.0,380.0,332.0,0.0,783.0,1172.0,1669.0,1906.0,2039.0,2328.0,2284.0,2432.0,2491.0,0.0,841.0,1205.0,1593.0,1777.0,1867.0,2208.0,2259.0,2480.0,2431.0,0.0,0.0,0.0,0.0,0.0,0.0,0.0,0.0,0.0,0.0
0.0,422.0,703.0,954.0,1113.0,1189.0,1488.0,1604.0,1595.0,1583.0,0.0,4.0,218.0,220.0,232.0,170.0,298.0,482.0,367.0,450.0,0.0,643.0,1110.0,1290.0,1528.0,1535.0,1756.0,1938.0,2027.0,2039.0,0.0,774.0,1241.0,1632.0,1836.0,1875.0,2136.0,2411.0,2288.0,2373.0,0.0,111.0,137.0,133.0,195.0,183.0,230.0,273.0,305.0,312.0,0.0,942.0,1446.0,1782.0,1952.0,2189.0,2520.0,2521.0,2705.0,2606.0,0.0,866.0,1340.0,1683.0,1881.0,1897.0,2419.0,2379.0,2504.0,2546.0,0.0,0.0,0.0,0.0,0.0,0.0,0.0,0.0,0.0,0.0
0.0,458.0,850.0,1101.0,1293.0,1316.0,1596.0,1793.0,1896.0,1781.0,0.0,-4.0,177.0,222.0,282.0,222.0,344.0,517.0,541.0,460.0,0.0,671.0,1049.0,1344.0,1598.0,1565.0,1805.0,1958.0,2297.0,2113.0,0.0,856.0,1346.0,1679.0,1951.0,1904.0,2225.0,2404.0,2500.0,2575.0,0.0,76.0,188.0,261.0,272.0,225.0,334.0,319.0,458.0,334.0,0.0,844.0,1484.0,1898.0,2099.0,2228.0,2542.0,2683.0,2759.0,2688.0,0.0,845.0,1391.0,1674.0,1929.0,2023.0,2329.0,2457.0,2620.0,2620.0,0.0,0.0,0.0,0.0,0.0,0.0,0.0,0.0,0.0,0.0
0.0,407.0,900.0,1170.0,1279.0,1418.0,1627.0,1931.0,1893.0,1752.0,0.0,5.0,139.0,265.0,228.0,227.0,318.0,475.0,478.0,410.0,0.0,554.0,962.0,1271.0,1487.0,1554.0,1783.0,1936.0,2113.0,2073.0,0.0,841.0,1217.0,1803.0,2010.0,1972.0,2248.0,2547.0,2577.0,2561.0,0.0,198.0,237.0,222.0,207.0,186.0,373.0,336.0,433.0,375.0,0.0,883.0,1400.0,1833.0,2201.0,2251.0,2464.0,2714.0,2758.0,2854.0,0.0,851.0,1340.0,1694.0,1920.0,2038.0,2281.0,2481.0,2677.0,2663.0,0.0,0.0,0.0,0.0,0.0,0.0,0.0,0.0,0.0,0.0
0.0,497.0,1028.0,1350.0,1405.0,1521.0,1811.0,2043.0,1980.0,2023.0,0.0,45.0,251.0,362.0,344.0,371.0,507.0,609.0,640.0,718.0,0.0,615.0,1106.0,1313.0,1516.0,1621.0,1936.0,1969.0,2170.0,2284.0,0.0,877.0,1508.0,1841.0,1949.0,2008.0,2460.0,2668.0,2748.0,2834.0,0.0,195.0,239.0,248.0,266.0,376.0,382.0,437.0,544.0,487.0,0.0,787.0,1494.0,1877.0,2170.0,2204.0,2612.0,2765.0,2916.0,2914.0,0.0,847.0,1467.0,1760.0,1964.0,2194.0,2594.0,2612.0,2796.0,2914.0,0.0,0.0,0.0,0.0,0.0,0.0,0.0,0.0,0.0,0.0
0.0,359.0,951.0,1160.0,1393.0,1421.0,1619.0,1851.0,1934.0,1997.0,0.0,-112.0,225.0,244.0,242.0,189.0,361.0,476.0,431.0,469.0,0.0,568.0,1125.0,1310.0,1570.0,1585.0,1993.0,2085.0,2344.0,2339.0,0.0,811.0,1354.0,1809.0,2092.0,1977.0,2419.0,2778.0,2782.0,2884.0,0.0,32.0,200.0,75.0,229.0,230.0,304.0,293.0,448.0,414.0,0.0,875.0,1500.0,1933.0,2115.0,2206.0,2608.0,2731.0,3055.0,2962.0,0.0,749.0,1437.0,1830.0,2074.0,2091.0,2591.0,2581.0,2791.0,2881.0,0.0,0.0,0.0,0.0,0.0,0.0,0.0,0.0,0.0,0.0
0.0,485.0,903.0,1306.0,1425.0,1430.0,1804.0,1871.0,1969.0,2006.0,0.0,98.0,302.0,584.0,399.0,351.0,521.0,583.0,640.0,672.0,0.0,704.0,1131.0,1628.0,1850.0,1714.0,2126.0,2199.0,2480.0,2409.0,0.0,946.0,1527.0,2074.0,2144.0,2266.0,2716.0,2762.0,2896.0,2980.0,0.0,138.0,261.0,264.0,237.0,291.0,400.0,317.0,455.0,424.0,0.0,944.0,1627.0,2270.0,2319.0,2458.0,2851.0,2891.0,3060.0,3174.0,0.0,1036.0,1503.0,1910.0,2195.0,2285.0,2835.0,2749.0,3004.0,3010.0,0.0,0.0,0.0,0.0,0.0,0.0,0.0,0.0,0.0,0.0
0.0,462.0,1023.0,1389.0,1528.0,1486.0,1869.0,2128.0,2137.0,2142.0,0.0,123.0,304.0,401.0,404.0,310.0,527.0,607.0,589.0,600.0,0.0,789.0,1245.0,1614.0,1659.0,1709.0,2069.0,2189.0,2470.0,2545.0,0.0,1047.0,1489.0,2032.0,2315.0,2264.0,2702.0,2840.0,2971.0,3075.0,0.0,191.0,181.0,201.0,369.0,206.0,353.0,340.0,426.0,409.0,0.0,1182.0,1835.0,2421.0,2551.0,2581.0,2999.0,3097.0,3350.0,3350.0,0.0,948.0,1498.0,2034.0,2222.0,2297.0,2760.0,2849.0,3057.0,3047.0,0.0,0.0,0.0,0.0,0.0,0.0,0.0,0.0,0.0,0.0
0.0,446.0,982.0,1357.0,1574.0,1551.0,1784.0,2131.0,2267.0,2123.0,0.0,-25.0,217.0,397.0,338.0,328.0,387.0,508.0,540.0,536.0,0.0,688.0,1144.0,1548.0,1777.0,1824.0,2008.0,2373.0,2524.0,2529.0,0.0,921.0,1407.0,2093.0,2263.0,2267.0,2674.0,3000.0,3031.0,3158.0,0.0,127.0,204.0,314.0,284.0,270.0,385.0,405.0,563.0,370.0,0.0,1025.0,1691.0,2306.0,2443.0,2674.0,2960.0,3248.0,3315.0,3424.0,0.0,966.0,1508.0,2024.0,2265.0,2296.0,2667.0,2934.0,3016.0,3090.0,0.0,0.0,0.0,0.0,0.0,0.0,0.0,0.0,0.0,0.0
0.0,611.0,1148.0,1495.0,1622.0,1757.0,2076.0,2359.0,2449.0,2421.0,0.0,18.0,348.0,477.0,436.0,418.0,470.0,690.0,725.0,739.0,0.0,669.0,1113.0,1655.0,1793.0,1863.0,2149.0,2384.0,2549.0,2567.0,0.0,1019.0,1511.0,2195.0,2321.0,2389.0,2835.0,3057.0,3177.0,3236.0,0.0,195.0,206.0,294.0,332.0,398.0,430.0,435.0,574.0,567.0,0.0,1187.0,1733.0,2342.0,2692.0,2808.0,3296.0,3449.0,3600.0,3614.0,0.0,1023.0,1509.0,2161.0,2406.0,2510.0,2970.0,3152.0,3316.0,3393.0,0.0,0.0,0.0,0.0,0.0,0.0,0.0,0.0,0.0,0.0
0.0,561.0,1031.0,1460.0,1807.0,1733.0,2036.0,2295.0,2366.0,2353.0,0.0,62.0,203.0,429.0,496.0,394.0,424.0,658.0,721.0,690.0,0.0,752.0,1181.0,1669.0,1862.0,1744.0,2187.0,2505.0,2621.0,2727.0,0.0,977.0,1577.0,2233.0,2516.0,2490.0,2865.0,3212.0,3251.0,3195.0,0.0,64.0,123.0,195.0,309.0,266.0,340.0,374.0,472.0,387.0,0.0,1138.0,1738.0,2378.0,2675.0,2830.0,3292.0,3421.0,3532.0,3697.0,0.0,939.0,1615.0,2071.0,2458.0,2513.0,3111.0,3144.0,3253.0,3469.0,0.0,0.0,0.0,0.0,0.0,0.0,0.0,0.0,0.0,0.0
0.0,547.0,1096.0,1547.0,1687.0,1819.0,2122.0,2470.0,2217.0,2459.0,0.0,-59.0,170.0,388.0,330.0,342.0,560.0,671.0,549.0,717.0,0.0,792.0,1219.0,1678.0,1964.0,1969.0,2384.0,2548.0,2714.0,2733.0,0.0,1019.0,1626.0,2246.0,2427.0,2527.0,2991.0,3247.0,3309.0,3426.0,0.0,102.0,168.0,262.0,299.0,338.0,538.0,415.0,392.0,414.0,0.0,1183.0,1734.0,2480.0,2775.0,2857.0,3368.0,3470.0,3628.0,3632.0,0.0,966.0,1621.0,2230.0,2476.0,2456.0,3141.0,3223.0,3300.0,3476.0,0.0,0.0,0.0,0.0,0.0,0.0,0.0,0.0,0.0,0.0
0.0,514.0,1172.0,1561.0,1742.0,1870.0,2092.0,2417.0,2481.0,2492.0,0.0,40.0,344.0,388.0,348.0,343.0,521.0,756.0,756.0,637.0,0.0,694.0,1417.0,1749.0,1965.0,2062.0,2327.0,2673.0,2876.0,2751.0,0.0,1010.0,1772.0,2269.0,2515.0,2581.0,3159.0,3386.0,3504.0,3543.0,0.0,130.0,217.0,189.0,232.0,291.0,408.0,466.0,505.0,488.0,0.0,1084.0,1864.0,2421.0,2730.0,2881.0,3284.0,3515.0,3752.0,3714.0,0.0,1009.0,1852.0,2178.0,2532.0,2754.0,3214.0,3319.0,3566.0,3588.0,0.0,0.0,0.0,0.0,0.0,0.0,0.0,0.0,0.0,0.0
0.0,674.0,1230.0,1722.0,1848.0,1930.0,2296.0,2496.0,2581.0,2635.0,0.0,39.0,371.0,412.0,483.0,478.0,547.0,671.0,725.0,838.0,0.0,862.0,1525.0,1772.0,2220.0,2236.0,2552.0,2833.0,3009.0,2998.0,0.0,1162.0,1968.0,2418.0,2688.0,2638.0,3119.0,3544.0,3518.0,3668.0,0.0,152.0,291.0,338.0,312.0,361.0,453.0,553.0,555.0,523.0,0.0,1197.0,2069.0,2469.0,2832.0,3093.0,3446.0,3524.0,3790.0,4045.0,0.0,1088.0,1862.0,2233.0,2565.0,2742.0,3328.0,3389.0,3569.0,3651.0,0.0,0.0,0.0,0.0,0.0,0.0,0.0,0.0,0.0,0.0
0.0,636.0,1275.0,1550.0,1765.0,2007.0,2449.0,2595.0,2611.0,2732.0,0.0,57.0,292.0,443.0,455.0,443.0,564.0,673.0,720.0,708.0,0.0,812.0,1411.0,1862.0,2135.0,2128.0,2615.0,2703.0,3164.0,3104.0,0.0,1159.0,1819.0,2529.0,2743.0,2699.0,3283.0,3605.0,3636.0,3848.0,0.0,173.0,246.0,283.0,316.0,296.0,479.0,464.0,604.0,564.0,0.0,1248.0,2080.0,2692.0,2969.0,3117.0,3518.0,3751.0,4004.0,4140.0,0.0,1011.0,1911.0,2308.0,2682.0,2782.0,3379.0,3436.0,3614.0,3866.0,0.0,0.0,0.0,0.0,0.0,0.0,0.0,0.0,0.0,0.0
0.0,625.0,1283.0,1780.0,1969.0,1947.0,2344.0,2647.0,2734.0,2787.0,0.0,29.0,276.0,479.0,467.0,433.0,620.0,718.0,761.0,714.0,0.0,737.0,1409.0,1875.0,2195.0,2141.0,2677.0,2815.0,3021.0,3022.0,0.0,1072.0,1663.0,2523.0,2727.0,2816.0,3252.0,3502.0,3623.0,3696.0,0.0,139.0,204.0,356.0,349.0,379.0,543.0,480.0,577.0,516.0,0.0,1213.0,2008.0,2724.0,3106.0,3162.0,3592.0,3738.0,3987.0,4091.0,0.0,1065.0,1862.0,2341.0,2628.0,2894.0,3409.0,3437.0,3640.0,3721.0,0.0,0.0,0.0,0.0,0.0,0.0,0.0,0.0,0.0,0.0
0.0,603.0,1285.0,1792.0,1968.0,2085.0,2446.0,2724.0,2811.0,2903.0,0.0,96.0,402.0,573.0,559.0,507.0,594.0,825.0,859.0,851.0,0.0,835.0,1565.0,1914.0,2115.0,2209.0,2580.0,2824.0,3129.0,3141.0,0.0,1173.0,1918.0,2643.0,3005.0,2874.0,3387.0,3796.0,3775.0,3827.0,0.0,255.0,378.0,402.0,448.0,502.0,451.0,565.0,698.0,646.0,0.0,1323.0,2179.0,2777.0,3096.0,3171.0,3618.0,3957.0,4175.0,4246.0,0.0,1162.0,1902.0,2565.0,2717.0,2932.0,3553.0,3638.0,3814.0,3951.0,0.0,0.0,0.0,0.0,0.0,0.0,0.0,0.0,0.0,0.0
0.0,660.0,1294.0,1855.0,2172.0,2243.0,2664.0,2963.0,2950.0,3002.0,0.0,254.0,376.0,640.0,601.0,606.0,804.0,1019.0,909.0,945.0,0.0,946.0,1568.0,1999.0,2345.0,2368.0,2869.0,3206.0,3237.0,3382.0,0.0,1118.0,1956.0,2617.0,2848.0,3056.0,3504.0,3821.0,3988.0,3904.0,0.0,196.0,250.0,363.0,347.0,365.0,560.0,609.0,657.0,561.0,0.0,1484.0,2218.0,2932.0,3314.0,3221.0,3970.0,4139.0,4346.0,4465.0,0.0,1132.0,1843.0,2635.0,2784.0,2937.0,3644.0,3828.0,3990.0,4100.0,0.0,0.0,0.0,0.0,0.0,0.0,0.0,0.0,0.0,0.0
0.0,629.0,1217.0,1772.0,2049.0,2072.0,2553.0,2872.0,2842.0,2923.0,0.0,134.0,391.0,651.0,615.0,614.0,730.0,994.0,935.0,928.0,0.0,908.0,1500.0,2088.0,2327.0,2374.0,2855.0,3192.0,3345.0,3366.0,0.0,1235.0,2004.0,2716.0,3078.0,3081.0,3653.0,4050.0,4048.0,4263.0,0.0,182.0,387.0,335.0,371.0,396.0,570.0,650.0,686.0,603.0,0.0,1345.0,2177.0,2870.0,3276.0,3359.0,3895.0,4061.0,4432.0,4423.0,0.0,1273.0,2081.0,2672.0,2924.0,3068.0,3780.0,3942.0,4074.0,4214.0,0.0,0.0,0.0,0.0,0.0,0.0,0.0,0.0,0.0,0.0
0.0,738.0,1511.0,2112.0,2175.0,2277.0,2633.0,3095.0,3066.0,3081.0,0.0,107.0,331.0,585.0,533.0,533.0,675.0,881.0,918.0,907.0,0.0,880.0,1664.0,2158.0,2564.0,2516.0,2977.0,3215.0,3483.0,3334.0,0.0,1312.0,2100.0,2790.0,3006.0,2990.0,3697.0,3970.0,4059.0,4154.0,0.0,206.0,391.0,496.0,411.0,380.0,636.0,596.0,762.0,639.0,0.0,1488.0,2273.0,3014.0,3448.0,3403.0,4141.0,4180.0,4424.0,4476.0,0.0,1247.0,2152.0,2677.0,2998.0,3209.0,3763.0,4131.0,4181.0,4226.0,0.0,0.0,0.0,0.0,0.0,0.0,0.0,0.0,0.0,0.0
0.0,800.0,1537.0,1983.0,2352.0,2310.0,2786.0,3153.0,3232.0,3129.0,0.0,111.0,387.0,531.0,644.0,461.0,672.0,857.0,997.0,843.0,0.0,852.0,1633.0,2158.0,2462.0,2345.0,2846.0,3173.0,3474.0,3465.0,0.0,1214.0,2169.0,2890.0,3148.0,3015.0,3732.0,4083.0,4300.0,4257.0,0.0,214.0,373.0,356.0,423.0,358.0,588.0,589.0,806.0,642.0,0.0,1396.0,2426.0,2919.0,3441.0,3598.0,4197.0,4323.0,4620.0,4686.0,0.0,1116.0,2209.0,2609.0,3028.0,3064.0,3805.0,3963.0,4239.0,4299.0,0.0,0.0,0.0,0.0,0.0,0.0,0.0,0.0,0.0,0.0
0.0,847.0,1456.0,2000.0,2314.0,2446.0,2817.0,3274.0,3246.0,3245.0,0.0,146.0,394.0,597.0,619.0,642.0,776.0,907.0,971.0,1061.0,0.0,888.0,1616.0,2223.0,2415.0,2614.0,3049.0,3228.0,3644.0,3469.0,0.0,1180.0,2098.0,2750.0,3122.0,3229.0,3847.0,4071.0,4217.0,4415.0,0.0,155.0,218.0,267.0,357.0,398.0,437.0,417.0,618.0,538.0,0.0,1369.0,2383.0,3091.0,3450.0,3702.0,4067.0,4324.0,4692.0,4706.0,0.0,1381.0,2102.0,2746.0,3087.0,3292.0,3971.0,3973.0,4186.0,4458.0,0.0,0.0,0.0,0.0,0.0,0.0,0.0,0.0,0.0,0.0
0.0,758.0,1464.0,2105.0,2524.0,2278.0,2915.0,3319.0,3332.0,3306.0,0.0,143.0,453.0,626.0,715.0,585.0,883.0,997.0,1019.0,1106.0,0.0,999.0,1635.0,2276.0,2566.0,2550.0,3106.0,3277.0,3609.0,3518.0,0.0,1408.0,2184.0,3073.0,3356.0,3392.0,3939.0,4337.0,4439.0,4561.0,0.0,270.0,332.0,428.0,505.0,413.0,601.0,640.0,725.0,704.0,0.0,1427.0,2418.0,3144.0,3548.0,3660.0,4155.0,4599.0,4575.0,4755.0,0.0,1261.0,2194.0,2887.0,3190.0,3386.0,4090.0,4169.0,4448.0,4419.0,0.0,0.0,0.0,0.0,0.0,0.0,0.0,0.0,0.0,0.0
0.0,860.0,1580.0,2071.0,2448.0,2403.0,2958.0,3318.0,3344.0,3419.0,0.0,105.0,360.0,589.0,603.0,488.0,828.0,1041.0,962.0,937.0,0.0,906.0,1661.0,2177.0,2634.0,2528.0,3037.0,3367.0,3754.0,3745.0,0.0,1425.0,2278.0,2942.0,3423.0,3544.0,3915.0,4445.0,4555.0,4602.0,0.0,199.0,318.0,437.0,496.0,393.0,574.0,639.0,713.0,594.0,0.0,1497.0,2487.0,3127.0,3702.0,3770.0,4441.0,4778.0,4802.0,4919.0,0.0,1234.0,2238.0,2849.0,3244.0,3262.0,4143.0,4304.0,4515.0,4463.0,0.0,0.0,0.0,0.0,0.0,0.0,0.0,0.0,0.0,0.0
0.0,738.0,1531.0,2237.0,2506.0,2312.0,3042.0,3265.0,3346.0,3463.0,0.0,161.0,421.0,701.0,685.0,535.0,804.0,1037.0,1022.0,1055.0,0.0,977.0,1806.0,2360.0,2734.0,2657.0,3249.0,3528.0,3756.0,3778.0,0.0,1311.0,2253.0,2961.0,3478.0,3394.0,4118.0,4361.0,4676.0,4567.0,0.0,235.0,330.0,511.0,546.0,445.0,659.0,591.0,776.0,732.0,0.0,1574.0,2584.0,3297.0,3782.0,3767.0,4426.0,4667.0,4816.0,4999.0,0.0,1433.0,2371.0,2924.0,3353.0,3456.0,4300.0,4339.0,4663.0,4796.0,0.0,0.0,0.0,0.0,0.0,0.0,0.0,0.0,0.0,0.0
0.0,803.0,1592.0,2118.0,2666.0,2585.0,3004.0,3363.0,3496.0,3542.0,0.0,146.0,502.0,601.0,766.0,645.0,907.0,1077.0,1024.0,1117.0,0.0,1050.0,1888.0,2353.0,2661.0,2808.0,3311.0,3626.0,3928.0,3979.0,0.0,1374.0,2372.0,3068.0,3405.0,3509.0,4140.0,4538.0,4646.0,4849.0,0.0,267.0,398.0,431.0,482.0,522.0,696.0,688.0,833.0,749.0,0.0,1518.0,2560.0,3232.0,3848.0,3977.0,4609.0,4832.0,4982.0,5209.0,0.0,1332.0,2335.0,2844.0,3438.0,3466.0,4261.0,4398.0,4652.0,4778.0,0.0,0.0,0.0,0.0,0.0,0.0,0.0,0.0,0.0,0.0
0.0,717.0,1685.0,2183.0,2713.0,2593.0,3224.0,3369.0,3484.0,3584.0,0.0,63.0,415.0,682.0,714.0,664.0,859.0,1109.0,1119.0,1207.0,0.0,1070.0,1920.0,2567.0,2820.0,2840.0,3440.0,3643.0,3925.0,4072.0,0.0,1355.0,2430.0,3189.0,3616.0,3727.0,4259.0,4613.0,4541.0,4879.0,0.0,126.0,380.0,366.0,538.0,507.0,632.0,671.0,743.0,788.0,0.0,1547.0,2597.0,3414.0,4023.0,4054.0,4581.0,4779.0,5199.0,5393.0,0.0,1363.0,2395.0,3009.0,3443.0,3749.0,4528.0,4550.0,4762.0,4963.0,0.0,0.0,0.0,0.0,0.0,0.0,0.0,0.0,0.0,0.0
0.0,820.0,1722.0,2319.0,2670.0,2637.0,3206.0,3721.0,3586.0,3673.0,0.0,243.0,505.0,659.0,726.0,788.0,927.0,1257.0,1150.0,1134.0,0.0,1148.0,1928.0,2455.0,2743.0,2863.0,3524.0,3722.0,4084.0,4089.0,0.0,1501.0,2470.0,3317.0,3520.0,3569.0,4121.0,4684.0,4750.0,5034.0,0.0,215.0,470.0,458.0,475.0,561.0,671.0,717.0,803.0,783.0,0.0,1704.0,2814.0,3522.0,3976.0,4030.0,4668.0,5206.0,5233.0,5507.0,0.0,1378.0,2388.0,3036.0,3588.0,3760.0,4502.0,4578.0,4892.0,4989.0,0.0,0.0,0.0,0.0,0.0,0.0,0.0,0.0,0.0,0.0
0.0,972.0,1742.0,2433.0,2842.0,2847.0,3302.0,3779.0,3776.0,3722.0,0.0,354.0,551.0,788.0,841.0,732.0,959.0,1211.0,1246.0,1137.0,0.0,1077.0,1817.0,2450.0,2868.0,2826.0,3581.0,3802.0,4162.0,4074.0,0.0,1580.0,2570.0,3453.0,3840.0,3659.0,4510.0,4877.0,5066.0,5022.0,0.0,223.0,315.0,424.0,546.0,506.0,702.0,722.0,875.0,793.0,0.0,1620.0,2687.0,3519.0,4071.0,4081.0,4945.0,4977.0,5252.0,5515.0,0.0,1443.0,2323.0,3194.0,3457.0,3554.0,4625.0,4816.0,4804.0,5067.0,0.0,0.0,0.0,0.0,0.0,0.0,0.0,0.0,0.0,0.0
0.0,1013.0,1843.0,2446.0,2829.0,2894.0,3328.0,3802.0,3861.0,3741.0,0.0,197.0,516.0,768.0,766.0,736.0,868.0,1098.0,1142.0,1213.0,0.0,1100.0,1986.0,2618.0,2892.0,2991.0,3411.0,3813.0,4146.0,4225.0,0.0,1547.0,2487.0,3451.0,3793.0,3840.0,4551.0,4834.0,4945.0,5039.0,0.0,115.0,319.0,351.0,467.0,417.0,570.0,646.0,765.0,656.0,0.0,1688.0,2866.0,3539.0,4260.0,4281.0,4903.0,5038.0,5318.0,5514.0,0.0,1531.0,2511.0,3252.0,3594.0,3722.0,4528.0,4754.0,5101.0,5099.0,0.0,0.0,0.0,0.0,0.0,0.0,0.0,0.0,0.0,0.0
0.0,877.0,1770.0,2425.0,2834.0,2817.0,3266.0,3662.0,3868.0,3868.0,0.0,217.0,501.0,791.0,865.0,804.0,972.0,1195.0,1162.0,1340.0,0.0,1001.0,1910.0,2560.0,3010.0,3019.0,3557.0,3812.0,4061.0,4188.0,0.0,1488.0,2723.0,3499.0,3711.0,4029.0,4703.0,4982.0,5089.0,5339.0,0.0,289.0,452.0,527.0,671.0,596.0,749.0,745.0,773.0,911.0,0.0,1765.0,2945.0,4079.0,4400.0,4367.0,4945.0,5407.0,5627.0,5638.0,0.0,1469.0,2486.0,3290.0,3818.0,3911.0,4691.0,4841.0,5101.0,5329.0,0.0,0.0,0.0,0.0,0.0,0.0,0.0,0.0,0.0,0.0
0.0,913.0,1882.0,2502.0,2868.0,2852.0,3397.0,4027.0,3968.0,4006.0,0.0,188.0,571.0,759.0,759.0,816.0,944.0,1144.0,1187.0,1185.0,0.0,1051.0,2021.0,2601.0,3016.0,2971.0,3598.0,4150.0,4282.0,4312.0,0.0,1453.0,2589.0,3538.0,3865.0,3925.0,4475.0,5175.0,5030.0,5190.0,0.0,308.0,489.0,466.0,526.0,613.0,740.0,795.0,855.0,892.0,0.0,1793.0,2904.0,3744.0,4384.0,4561.0,5113.0,5505.0,5769.0,5712.0,0.0,1456.0,2537.0,3244.0,3788.0,3890.0,4808.0,4883.0,5194.0,5213.0,0.0,0.0,0.0,0.0,0.0,0.0,0.0,0.0,0.0,0.0
